<?xml version="1.0" encoding="UTF-8" standalone="yes" ?><cp:coreProperties xmlns:cp="http://schemas.openxmlformats.org/package/2006/metadata/core-properties" xmlns:dc="http://purl.org/dc/elements/1.1/" xmlns:dcmitype="http://purl.org/dc/dcmitype/" xmlns:dcterms="http://purl.org/dc/terms/" xmlns:xsi="http://www.w3.org/2001/XMLSchema-instance"><dcterms:created xsi:type="dcterms:W3CDTF">2019-11-23T04:30:55Z</dcterms:created><dc:description></dc:description><dcterms:modified xsi:type="dcterms:W3CDTF">2019-11-23T07:12:29Z</dcterms:modified><dc:title>Calculadora</dc:title></cp:coreProperties>